カテゴリ,ランキング,商品名,URL
車＆バイク,1位,デンソー(DENSO) カーエアコン用フィルター クリーンエアフィルター DCC1001 (014535-0820) 高除塵 PM2.5対策 抗菌・防カビ 抗ウイルス 脱臭 ※車種適合確認要,https://www.amazon.co.jp//%E3%83%87%E3%83%B3%E3%82%BD%E3%83%BC-DENSO-%E3%82%AB%E3%83%BC%E3%82%A8%E3%82%A2%E3%82%B3%E3%83%B3%E7%94%A8%E3%83%95%E3%82%A3%E3%83%AB%E3%82%BF%E3%83%BC-DCC1001-%E2%80%BB%E5%BF%85%E3%81%9A%E8%BB%8A%E7%A8%AE%E5%88%A5%E9%81%A9%E5%90%88%E3%82%92%E3%81%94%E7%A2%BA%E8%AA%8D%E4%B8%8B%E3%81%95%E3%81%84/dp/B000M7B05U/ref=zg-bs_automotive_sccl_1/000-0000000-0000000?pd_rd_w=gv1OU&content-id=amzn1.sym.061993fb-1a08-486a-9bea-d772d463ba7a&pf_rd_p=061993fb-1a08-486a-9bea-d772d463ba7a&pf_rd_r=AHFQ43G4EY22G2NWE839&pd_rd_wg=H6vjq&pd_rd_r=4f01436c-45c6-41df-9847-e4b931dd0967&pd_rd_i=B07ZKPJPFQ&psc=1
車＆バイク,2位,ワコーズ F-1 フューエルワン ガソリン(2サイクル・4サイクル)・ディーゼル兼用洗浄系燃料添加剤 200ml F101,https://www.amazon.co.jp//%E3%83%AF%E3%82%B3%E3%83%BC%E3%82%BA-%E3%83%95%E3%83%A5%E3%83%BC%E3%82%A8%E3%83%AB%E3%83%AF%E3%83%B3-2%E3%82%B5%E3%82%A4%E3%82%AF%E3%83%AB%E3%83%BB4%E3%82%B5%E3%82%A4%E3%82%AF%E3%83%AB-%E3%83%BB%E3%83%87%E3%82%A3%E3%83%BC%E3%82%BC%E3%83%AB%E5%85%BC%E7%94%A8%E6%B4%97%E6%B5%84%E7%B3%BB%E7%87%83%E6%96%99%E6%B7%BB%E5%8A%A0%E5%89%A4-F101/dp/B079Z4HDS5/ref=zg-bs_automotive_sccl_2/000-0000000-0000000?pd_rd_w=gv1OU&content-id=amzn1.sym.061993fb-1a08-486a-9bea-d772d463ba7a&pf_rd_p=061993fb-1a08-486a-9bea-d772d463ba7a&pf_rd_r=AHFQ43G4EY22G2NWE839&pd_rd_wg=H6vjq&pd_rd_r=4f01436c-45c6-41df-9847-e4b931dd0967&pd_rd_i=B079Z4HDS5&psc=1
車＆バイク,3位,Kaedear(カエディア) バイク スマホ ホルダー バイク用 クイックホールド 携帯ホルダー スマホ 携帯 スマートフォン アルミ製 バーマウント ミラー マウント 360度回転 原付 オートバイ 自転車 KDR-M11C (Black),https://www.amazon.co.jp//Kaedear-%E3%82%B9%E3%83%9E%E3%83%9B%E3%83%9B%E3%83%AB%E3%83%80%E3%83%BC-%E3%82%AF%E3%82%A4%E3%83%83%E3%82%AF%E3%83%9B%E3%83%BC%E3%83%AB%E3%83%89-%E3%82%B9%E3%82%BF%E3%83%B3%E3%83%89iphone-android/dp/B083SP2KX8/ref=zg-bs_automotive_sccl_3/000-0000000-0000000?pd_rd_w=gv1OU&content-id=amzn1.sym.061993fb-1a08-486a-9bea-d772d463ba7a&pf_rd_p=061993fb-1a08-486a-9bea-d772d463ba7a&pf_rd_r=AHFQ43G4EY22G2NWE839&pd_rd_wg=H6vjq&pd_rd_r=4f01436c-45c6-41df-9847-e4b931dd0967&pd_rd_i=B0B1ZT5VFH&psc=1
車＆バイク,4位,シリコンスプレ- (420ｍｌ) 潤滑 離系剤,https://www.amazon.co.jp//KURE-%E5%91%89%E5%B7%A5%E6%A5%AD-%E3%82%B7%E3%83%AA%E3%82%B3%E3%83%B3%E3%82%B9%E3%83%97%E3%83%AC-420%EF%BD%8D%EF%BD%8C-%E9%9B%A2%E7%B3%BB%E5%89%A4/dp/B0B771N4QP/ref=zg-bs_automotive_sccl_4/000-0000000-0000000?pd_rd_w=gv1OU&content-id=amzn1.sym.061993fb-1a08-486a-9bea-d772d463ba7a&pf_rd_p=061993fb-1a08-486a-9bea-d772d463ba7a&pf_rd_r=AHFQ43G4EY22G2NWE839&pd_rd_wg=H6vjq&pd_rd_r=4f01436c-45c6-41df-9847-e4b931dd0967&pd_rd_i=B017929J1C&psc=1
車＆バイク,5位,【コーティング車向けおすすめ洗車セット】Surluster(シュアラスター) カーシャンプー1000、ウォッシンググローブ、水滴拭き取りクロス,https://www.amazon.co.jp//%E3%80%90%E3%82%B3%E3%83%BC%E3%83%86%E3%82%A3%E3%83%B3%E3%82%B0%E8%BB%8A%E5%90%91%E3%81%91%E3%81%8A%E3%81%99%E3%81%99%E3%82%81%E6%B4%97%E8%BB%8A%E3%82%BB%E3%83%83%E3%83%88%E3%80%91Surluster-%E3%82%B7%E3%83%A5%E3%82%A2%E3%83%A9%E3%82%B9%E3%82%BF%E3%83%BC-%E3%82%AB%E3%83%BC%E3%82%B7%E3%83%A3%E3%83%B3%E3%83%97%E3%83%BC1000%E3%80%81%E3%82%A6%E3%82%A9%E3%83%83%E3%82%B7%E3%83%B3%E3%82%B0%E3%82%B0%E3%83%AD%E3%83%BC%E3%83%96%E3%80%81%E6%B0%B4%E6%BB%B4%E6%8B%AD%E3%81%8D%E5%8F%96%E3%82%8A%E3%82%AF%E3%83%AD%E3%82%B9/dp/B01NBN3NT5/ref=zg-bs_automotive_sccl_5/000-0000000-0000000?pd_rd_w=gv1OU&content-id=amzn1.sym.061993fb-1a08-486a-9bea-d772d463ba7a&pf_rd_p=061993fb-1a08-486a-9bea-d772d463ba7a&pf_rd_r=AHFQ43G4EY22G2NWE839&pd_rd_wg=H6vjq&pd_rd_r=4f01436c-45c6-41df-9847-e4b931dd0967&pd_rd_i=B01HIGACLU&psc=1
車＆バイク,6位,【2022年 10本骨逆折り式】 車用サンシェード 折り畳み式 傘型 車用パラソル フロントシェード フロントガラス 遮光 遮熱 車中泊 仮眠 プライバシー保護 暑さ対策車用 フロントカバー 収納ポーチ付き 父の日 (65*125),https://www.amazon.co.jp//10%E6%9C%AC%E9%AA%A8%E9%80%86%E6%8A%98%E3%82%8A%E5%BC%8F%E3%80%91-%E8%BB%8A%E7%94%A8%E3%82%B5%E3%83%B3%E3%82%B7%E3%82%A7%E3%83%BC%E3%83%89-%E3%83%95%E3%83%AD%E3%83%B3%E3%83%88%E3%82%B7%E3%82%A7%E3%83%BC%E3%83%89-%E3%83%95%E3%83%AD%E3%83%B3%E3%83%88%E3%82%AC%E3%83%A9%E3%82%B9-%E3%83%97%E3%83%A9%E3%82%A4%E3%83%90%E3%82%B7%E3%83%BC%E4%BF%9D%E8%AD%B7/dp/B0B1ZJSGFH/ref=zg-bs_automotive_sccl_6/000-0000000-0000000?pd_rd_w=gv1OU&content-id=amzn1.sym.061993fb-1a08-486a-9bea-d772d463ba7a&pf_rd_p=061993fb-1a08-486a-9bea-d772d463ba7a&pf_rd_r=AHFQ43G4EY22G2NWE839&pd_rd_wg=H6vjq&pd_rd_r=4f01436c-45c6-41df-9847-e4b931dd0967&pd_rd_i=B098W8DXTM&psc=1
ホビー,1位,【2次受注用】 HG 機動戦士ガンダム 水星の魔女 ガンダムエアリアル 1/144スケール 色分け済みプラモデル,https://www.amazon.co.jp//dp/B0B7ZYDNTJ/ref=zg-bs_hobby_sccl_1/000-0000000-0000000?pd_rd_w=8mRNP&content-id=amzn1.sym.061993fb-1a08-486a-9bea-d772d463ba7a&pf_rd_p=061993fb-1a08-486a-9bea-d772d463ba7a&pf_rd_r=AHFQ43G4EY22G2NWE839&pd_rd_wg=H6vjq&pd_rd_r=4f01436c-45c6-41df-9847-e4b931dd0967&pd_rd_i=B0B7ZYDNTJ&psc=1
ホビー,2位,ウマ娘 プリティーダービー ダイワスカーレット 1/7スケール プラスチック製 塗装済み完成品フィギュア,https://www.amazon.co.jp//%E3%83%97%E3%83%AA%E3%83%86%E3%82%A3%E3%83%BC%E3%83%80%E3%83%BC%E3%83%93%E3%83%BC-%E3%83%80%E3%82%A4%E3%83%AF%E3%82%B9%E3%82%AB%E3%83%BC%E3%83%AC%E3%83%83%E3%83%88-7%E3%82%B9%E3%82%B1%E3%83%BC%E3%83%AB-%E3%83%97%E3%83%A9%E3%82%B9%E3%83%81%E3%83%83%E3%82%AF%E8%A3%BD-%E5%A1%97%E8%A3%85%E6%B8%88%E3%81%BF%E5%AE%8C%E6%88%90%E5%93%81%E3%83%95%E3%82%A3%E3%82%AE%E3%83%A5%E3%82%A2/dp/B0B776VQMP/ref=zg-bs_hobby_sccl_2/000-0000000-0000000?pd_rd_w=8mRNP&content-id=amzn1.sym.061993fb-1a08-486a-9bea-d772d463ba7a&pf_rd_p=061993fb-1a08-486a-9bea-d772d463ba7a&pf_rd_r=AHFQ43G4EY22G2NWE839&pd_rd_wg=H6vjq&pd_rd_r=4f01436c-45c6-41df-9847-e4b931dd0967&pd_rd_i=B0B776VQMP&psc=1
ホビー,3位,聖闘士聖衣神話EX 聖闘士星矢 死を司る神タナトス 約180㎜ ABS&PVC&ダイキャスト製 塗装済み可動フィギュア,https://www.amazon.co.jp//%E8%81%96%E9%97%98%E5%A3%AB%E8%81%96%E8%A1%A3%E7%A5%9E%E8%A9%B1EX-%E8%81%96%E9%97%98%E5%A3%AB%E6%98%9F%E7%9F%A2-%E6%AD%BB%E3%82%92%E5%8F%B8%E3%82%8B%E7%A5%9E%E3%82%BF%E3%83%8A%E3%83%88%E3%82%B9-%E3%83%80%E3%82%A4%E3%82%AD%E3%83%A3%E3%82%B9%E3%83%88%E8%A3%BD-%E5%A1%97%E8%A3%85%E6%B8%88%E3%81%BF%E5%8F%AF%E5%8B%95%E3%83%95%E3%82%A3%E3%82%AE%E3%83%A5%E3%82%A2/dp/B0B7QY1V4B/ref=zg-bs_hobby_sccl_3/000-0000000-0000000?pd_rd_w=8mRNP&content-id=amzn1.sym.061993fb-1a08-486a-9bea-d772d463ba7a&pf_rd_p=061993fb-1a08-486a-9bea-d772d463ba7a&pf_rd_r=AHFQ43G4EY22G2NWE839&pd_rd_wg=H6vjq&pd_rd_r=4f01436c-45c6-41df-9847-e4b931dd0967&pd_rd_i=B0B7QY1V4B&psc=1
ホビー,4位,フジックス FUJIX シャッペスパン 普通地 用 ミシン糸 太さ 60番 200m巻 #10 赤系 F56,https://www.amazon.co.jp//FUJIX-%E3%83%95%E3%82%B8%E3%83%83%E3%82%AF%E3%82%B9-%E3%82%B7%E3%83%A3%E3%83%83%E3%83%9A%E3%82%B9%E3%83%91%E3%83%B3%E6%99%AE%E9%80%9A%E5%9C%B0%E7%94%A8%E3%83%9F%E3%82%B7%E3%83%B3%E7%B3%B8-col-10-FK56-10/dp/B00AUC9Z9A/ref=zg-bs_hobby_sccl_4/000-0000000-0000000?pd_rd_w=8mRNP&content-id=amzn1.sym.061993fb-1a08-486a-9bea-d772d463ba7a&pf_rd_p=061993fb-1a08-486a-9bea-d772d463ba7a&pf_rd_r=AHFQ43G4EY22G2NWE839&pd_rd_wg=H6vjq&pd_rd_r=4f01436c-45c6-41df-9847-e4b931dd0967&pd_rd_i=B0B6Z89CR6&psc=1
ホビー,5位,おにやんま オニヤンマ 虫除け 12cm オニヤンマ君 おにやんまくん 虫よけ グッズ 虫除けグッズ オニヤンマクン 模型 安全なピン付きタイプ 模型虫避け 玄関 ベランダ 網戸 室内 登 (12CM-1匹),https://www.amazon.co.jp//%E3%82%AA%E3%83%8B%E3%83%A4%E3%83%B3%E3%83%9E%E5%90%9B-%E3%81%8A%E3%81%AB%E3%82%84%E3%82%93%E3%81%BE%E3%81%8F%E3%82%93-%E3%82%AA%E3%83%8B%E3%83%A4%E3%83%B3%E3%83%9E%E3%82%AF%E3%83%B3-%E5%AE%89%E5%85%A8%E3%81%AA%E3%83%94%E3%83%B3%E4%BB%98%E3%81%8D%E3%82%BF%E3%82%A4%E3%83%97-12CM-1%E5%8C%B9/dp/B0B5G3X7B2/ref=zg-bs_hobby_sccl_5/000-0000000-0000000?pd_rd_w=8mRNP&content-id=amzn1.sym.061993fb-1a08-486a-9bea-d772d463ba7a&pf_rd_p=061993fb-1a08-486a-9bea-d772d463ba7a&pf_rd_r=AHFQ43G4EY22G2NWE839&pd_rd_wg=H6vjq&pd_rd_r=4f01436c-45c6-41df-9847-e4b931dd0967&pd_rd_i=B0B5G4M5Z6&psc=1
ホビー,6位,絵の具 エフ水彩 WFC2-15 ポリチューブ入り 15色,https://www.amazon.co.jp//%E7%B5%B5%E3%81%AE%E5%85%B7-%E3%82%A8%E3%83%95%E6%B0%B4%E5%BD%A9-WFC2-15-%E3%83%9D%E3%83%AA%E3%83%81%E3%83%A5%E3%83%BC%E3%83%96%E5%85%A5%E3%82%8A-15%E8%89%B2/dp/B0B6BH7RCZ/ref=zg-bs_hobby_sccl_6/000-0000000-0000000?pd_rd_w=8mRNP&content-id=amzn1.sym.061993fb-1a08-486a-9bea-d772d463ba7a&pf_rd_p=061993fb-1a08-486a-9bea-d772d463ba7a&pf_rd_r=AHFQ43G4EY22G2NWE839&pd_rd_wg=H6vjq&pd_rd_r=4f01436c-45c6-41df-9847-e4b931dd0967&pd_rd_i=B07VMJS7YS&psc=1
DIY・工具・ガーデン,1位,SwitchBot スイッチボット スマートホーム 学習リモコン Alexa - Google Home IFTTT イフト Siriに対応 SwitchBot Hub Mini,https://www.amazon.co.jp//SwitchBot-%E3%82%B9%E3%82%A4%E3%83%83%E3%83%81%E3%83%9C%E3%83%83%E3%83%88-%E3%82%B9%E3%83%9E%E3%83%BC%E3%83%88%E3%83%9B%E3%83%BC%E3%83%A0-%E5%AD%A6%E7%BF%92%E3%83%AA%E3%83%A2%E3%82%B3%E3%83%B3-Alexa/dp/B07TTH5TMW/ref=zg-bs_diy_sccl_1/000-0000000-0000000?pd_rd_w=TZZHN&content-id=amzn1.sym.061993fb-1a08-486a-9bea-d772d463ba7a&pf_rd_p=061993fb-1a08-486a-9bea-d772d463ba7a&pf_rd_r=AHFQ43G4EY22G2NWE839&pd_rd_wg=H6vjq&pd_rd_r=4f01436c-45c6-41df-9847-e4b931dd0967&pd_rd_i=B0895Y6YG4&psc=1
DIY・工具・ガーデン,2位,日革研究所 ダニ捕りロボ ソフトケース+誘引マット ラージサイズ1個組,https://www.amazon.co.jp//%E6%97%A5%E9%9D%A9%E7%A0%94%E7%A9%B6%E6%89%80-R422-%E3%83%80%E3%83%8B%E6%8D%95%E3%82%8A%E3%83%AD%E3%83%9C-%E3%83%A9%E3%83%BC%E3%82%B8%E3%82%B5%E3%82%A4%E3%82%BA1%E5%80%8B/dp/B0091GQ8L4/ref=zg-bs_diy_sccl_2/000-0000000-0000000?pd_rd_w=TZZHN&content-id=amzn1.sym.061993fb-1a08-486a-9bea-d772d463ba7a&pf_rd_p=061993fb-1a08-486a-9bea-d772d463ba7a&pf_rd_r=AHFQ43G4EY22G2NWE839&pd_rd_wg=H6vjq&pd_rd_r=4f01436c-45c6-41df-9847-e4b931dd0967&pd_rd_i=B01MCUFXEZ&psc=1
DIY・工具・ガーデン,3位,エアコン用 ドレンつまり取りポンプ,https://www.amazon.co.jp//%E6%97%A9%E5%B7%9D%E5%B7%A5%E6%A5%AD-Hayakawa-Kougyou-%E3%82%A8%E3%82%A2%E3%82%B3%E3%83%B3%E7%94%A8-%E3%83%89%E3%83%AC%E3%83%B3%E3%81%A4%E3%81%BE%E3%82%8A%E5%8F%96%E3%82%8A%E3%83%9D%E3%83%B3%E3%83%97/dp/B0B39CH5NV/ref=zg-bs_diy_sccl_3/000-0000000-0000000?pd_rd_w=TZZHN&content-id=amzn1.sym.061993fb-1a08-486a-9bea-d772d463ba7a&pf_rd_p=061993fb-1a08-486a-9bea-d772d463ba7a&pf_rd_r=AHFQ43G4EY22G2NWE839&pd_rd_wg=H6vjq&pd_rd_r=4f01436c-45c6-41df-9847-e4b931dd0967&pd_rd_i=B0B39BY54L&psc=1
DIY・工具・ガーデン,4位,東洋アルミ(TOYO ALUMINIUM) ほこり取り ホワイト 5個 パッと貼るだけ! ホコリとりフィルター 換気扇用 5個セット & 整流板付専用パッと貼るだけスーパーフィルター 3074【セット買い】,https://www.amazon.co.jp//%E6%9D%B1%E6%B4%8B%E3%82%A2%E3%83%AB%E3%83%9F-ALUMINIUM-%E3%83%9B%E3%82%B3%E3%83%AA%E3%81%A8%E3%82%8A%E3%83%95%E3%82%A3%E3%83%AB%E3%82%BF%E3%83%BC-%E6%95%B4%E6%B5%81%E6%9D%BF%E4%BB%98%E5%B0%82%E7%94%A8%E3%83%91%E3%83%83%E3%81%A8%E8%B2%BC%E3%82%8B%E3%81%A0%E3%81%91%E3%82%B9%E3%83%BC%E3%83%91%E3%83%BC%E3%83%95%E3%82%A3%E3%83%AB%E3%82%BF%E3%83%BC-3074%E3%80%90%E3%82%BB%E3%83%83%E3%83%88%E8%B2%B7%E3%81%84%E3%80%91/dp/B08TDHWSBY/ref=zg-bs_diy_sccl_4/000-0000000-0000000?pd_rd_w=TZZHN&content-id=amzn1.sym.061993fb-1a08-486a-9bea-d772d463ba7a&pf_rd_p=061993fb-1a08-486a-9bea-d772d463ba7a&pf_rd_r=AHFQ43G4EY22G2NWE839&pd_rd_wg=H6vjq&pd_rd_r=4f01436c-45c6-41df-9847-e4b931dd0967&pd_rd_i=B085LL3YGG&psc=1
DIY・工具・ガーデン,5位,アイリスオーヤマ 除草剤 速効除草剤 4L 液体タイプ そのまま使える 大容量 お徳用 SJS-4L,https://www.amazon.co.jp//%E3%82%A2%E3%82%A4%E3%83%AA%E3%82%B9%E3%82%AA%E3%83%BC%E3%83%A4%E3%83%9E-%E9%99%A4%E8%8D%89%E5%89%A4-%E9%80%9F%E5%8A%B9%E9%99%A4%E8%8D%89%E5%89%A4-4L-SJS-4L/dp/B007RLHLE8/ref=zg-bs_diy_sccl_5/000-0000000-0000000?pd_rd_w=TZZHN&content-id=amzn1.sym.061993fb-1a08-486a-9bea-d772d463ba7a&pf_rd_p=061993fb-1a08-486a-9bea-d772d463ba7a&pf_rd_r=AHFQ43G4EY22G2NWE839&pd_rd_wg=H6vjq&pd_rd_r=4f01436c-45c6-41df-9847-e4b931dd0967&pd_rd_i=B09SV158N3&psc=1
DIY・工具・ガーデン,6位,バルサン エアコン排水ホース用 防虫剤練り込み キャップ (2個入) 薬剤入で室外機ホースからの侵入防止効果アップ,https://www.amazon.co.jp//%E3%83%90%E3%83%AB%E3%82%B5%E3%83%B3-%E3%82%A8%E3%82%A2%E3%82%B3%E3%83%B3%E6%8E%92%E6%B0%B4%E3%83%9B%E3%83%BC%E3%82%B9%E7%94%A8-%E9%98%B2%E8%99%AB%E5%89%A4%E7%B7%B4%E3%82%8A%E8%BE%BC%E3%81%BF-%E3%82%AD%E3%83%A3%E3%83%83%E3%83%97-%E8%96%AC%E5%89%A4%E5%85%A5%E3%81%A7%E5%AE%A4%E5%A4%96%E6%A9%9F%E3%83%9B%E3%83%BC%E3%82%B9%E3%81%8B%E3%82%89%E3%81%AE%E4%BE%B5%E5%85%A5%E9%98%B2%E6%AD%A2%E5%8A%B9%E6%9E%9C%E3%82%A2%E3%83%83%E3%83%97/dp/B08W99XLQD/ref=zg-bs_diy_sccl_6/000-0000000-0000000?pd_rd_w=TZZHN&content-id=amzn1.sym.061993fb-1a08-486a-9bea-d772d463ba7a&pf_rd_p=061993fb-1a08-486a-9bea-d772d463ba7a&pf_rd_r=AHFQ43G4EY22G2NWE839&pd_rd_wg=H6vjq&pd_rd_r=4f01436c-45c6-41df-9847-e4b931dd0967&pd_rd_i=B08W99XLQD&psc=1
産業・研究開発用品,1位,KUCHIRAKU MASK (クチラクマスク) グレー 5枚入 ダイヤモンド型 くちばし型 メイクが付きにくい,https://www.amazon.co.jp//KUCHIRAKU-%E3%82%AF%E3%83%81%E3%83%A9%E3%82%AF%E3%83%9E%E3%82%B9%E3%82%AF-%E3%83%80%E3%82%A4%E3%83%A4%E3%83%A2%E3%83%B3%E3%83%89%E5%9E%8B-%E3%81%8F%E3%81%A1%E3%81%B0%E3%81%97%E5%9E%8B-%E3%83%A1%E3%82%A4%E3%82%AF%E3%81%8C%E4%BB%98%E3%81%8D%E3%81%AB%E3%81%8F%E3%81%84/dp/B098T143TT/ref=zg-bs_industrial_sccl_1/000-0000000-0000000?pd_rd_w=xk9b7&content-id=amzn1.sym.061993fb-1a08-486a-9bea-d772d463ba7a&pf_rd_p=061993fb-1a08-486a-9bea-d772d463ba7a&pf_rd_r=AHFQ43G4EY22G2NWE839&pd_rd_wg=H6vjq&pd_rd_r=4f01436c-45c6-41df-9847-e4b931dd0967&pd_rd_i=B099K528N6&psc=1
産業・研究開発用品,2位,【Amazon.co.jp 限定】 山本光学 YAMAMOTOハイスペックモデル AZYF-850S 超軽量 医療用 反射防止 フェイスシールド グラス 本体セット(フレーム1本+レンズ2枚 ) サイドパーツ:クリア 眼鏡 / マスク併用可 日本製,https://www.amazon.co.jp//%E3%80%90Amazon-co-jp-%E5%B1%B1%E6%9C%AC%E5%85%89%E5%AD%A6-YAMAMOTO%E3%83%8F%E3%82%A4%E3%82%B9%E3%83%9A%E3%83%83%E3%82%AF%E3%83%A2%E3%83%87%E3%83%AB-AZYF-850S-%E3%83%95%E3%82%A7%E3%82%A4%E3%82%B9%E3%82%B7%E3%83%BC%E3%83%AB%E3%83%89/dp/B093P9M9F2/ref=zg-bs_industrial_sccl_2/000-0000000-0000000?pd_rd_w=xk9b7&content-id=amzn1.sym.061993fb-1a08-486a-9bea-d772d463ba7a&pf_rd_p=061993fb-1a08-486a-9bea-d772d463ba7a&pf_rd_r=AHFQ43G4EY22G2NWE839&pd_rd_wg=H6vjq&pd_rd_r=4f01436c-45c6-41df-9847-e4b931dd0967&pd_rd_i=B08LF5C1K4&psc=1
産業・研究開発用品,3位,"50枚入　KF94マスク　使い捨て　不織布　4層3D立体　血色カラー (ふつうサイズ, アイボリー) [並行輸入品]",https://www.amazon.co.jp//Kaitou-50%E6%9E%9A%E5%85%A5-KF94%E3%83%9E%E3%82%B9%E3%82%AF-%E4%BD%BF%E3%81%84%E6%8D%A8%E3%81%A6-%E4%B8%8D%E7%B9%94%E5%B8%83-4%E5%B1%A43D%E7%AB%8B%E4%BD%93-%E8%A1%80%E8%89%B2%E3%82%AB%E3%83%A9%E3%83%BC-%E3%81%B5%E3%81%A4%E3%81%86%E3%82%B5%E3%82%A4%E3%82%BA-%E3%82%A2%E3%82%A4%E3%83%9C%E3%83%AA%E3%83%BC-%E4%B8%A6%E8%A1%8C%E8%BC%B8%E5%85%A5%E5%93%81/dp/B09SYPQSDT/ref=zg-bs_industrial_sccl_3/000-0000000-0000000?pd_rd_w=xk9b7&content-id=amzn1.sym.061993fb-1a08-486a-9bea-d772d463ba7a&pf_rd_p=061993fb-1a08-486a-9bea-d772d463ba7a&pf_rd_r=AHFQ43G4EY22G2NWE839&pd_rd_wg=H6vjq&pd_rd_r=4f01436c-45c6-41df-9847-e4b931dd0967&pd_rd_i=B09V4MT7PY&psc=1
産業・研究開発用品,4位,(日本製 PM2.5対応)超快適マスク プリ-ツタイプ ふつう 30枚入(unicharm),https://www.amazon.co.jp//PM2-5%E5%AF%BE%E5%BF%9C-%E8%B6%85%E5%BF%AB%E9%81%A9%E3%83%9E%E3%82%B9%E3%82%AF-%E3%83%97%E3%83%AA-%E3%83%84%E3%82%BF%E3%82%A4%E3%83%97-30%E6%9E%9A%E5%85%A5-unicharm/dp/B014IDNTWK/ref=zg-bs_industrial_sccl_4/000-0000000-0000000?pd_rd_w=xk9b7&content-id=amzn1.sym.061993fb-1a08-486a-9bea-d772d463ba7a&pf_rd_p=061993fb-1a08-486a-9bea-d772d463ba7a&pf_rd_r=AHFQ43G4EY22G2NWE839&pd_rd_wg=H6vjq&pd_rd_r=4f01436c-45c6-41df-9847-e4b931dd0967&pd_rd_i=B08ZJN45SP&psc=1
産業・研究開発用品,5位,アイリスオーヤマ マスク 不織布 カラーマスク 立体 個包装 DAILY FIT MASK ふつうサイズ 5枚入 RK-D5MBK ブラック,https://www.amazon.co.jp//%E3%82%A2%E3%82%A4%E3%83%AA%E3%82%B9%E3%82%AA%E3%83%BC%E3%83%A4%E3%83%9E-%E3%82%AB%E3%83%A9%E3%83%BC%E3%83%9E%E3%82%B9%E3%82%AF-DAILY-%E3%81%B5%E3%81%A4%E3%81%86%E3%82%B5%E3%82%A4%E3%82%BA-RK-D5MBK/dp/B099ZNG6CD/ref=zg-bs_industrial_sccl_5/000-0000000-0000000?pd_rd_w=xk9b7&content-id=amzn1.sym.061993fb-1a08-486a-9bea-d772d463ba7a&pf_rd_p=061993fb-1a08-486a-9bea-d772d463ba7a&pf_rd_r=AHFQ43G4EY22G2NWE839&pd_rd_wg=H6vjq&pd_rd_r=4f01436c-45c6-41df-9847-e4b931dd0967&pd_rd_i=B0B17S99PZ&psc=1
産業・研究開発用品,6位,OTOKU 両面テープ 魔法テープ テープ 超強力 のり残らず 繰り返し はがせる 防水 強力 滑り止め 洗濯可能 多機能 多サイズ 家庭 オフィス 寮 学校 会社 工業用など (3cmx0.2cmx1m),https://www.amazon.co.jp//OTOKU-%E4%B8%A1%E9%9D%A2%E3%83%86%E3%83%BC%E3%83%97-%E9%AD%94%E6%B3%95%E3%83%86%E3%83%BC%E3%83%97-%E3%81%AE%E3%82%8A%E6%AE%8B%E3%82%89%E3%81%9A-3cmx0-2cmx1m/dp/B07ZFCHR8X/ref=zg-bs_industrial_sccl_6/000-0000000-0000000?pd_rd_w=xk9b7&content-id=amzn1.sym.061993fb-1a08-486a-9bea-d772d463ba7a&pf_rd_p=061993fb-1a08-486a-9bea-d772d463ba7a&pf_rd_r=AHFQ43G4EY22G2NWE839&pd_rd_wg=H6vjq&pd_rd_r=4f01436c-45c6-41df-9847-e4b931dd0967&pd_rd_i=B07PTZ6JTB&psc=1
アプリ＆ゲーム,1位,AirReceiver,https://www.amazon.co.jp//%E9%BE%99%E6%96%B9%E5%84%BF-AirReceiver/dp/B00L5HQRGS/ref=zg-bs_mobile-apps_sccl_1/000-0000000-0000000?pd_rd_w=EwQFd&content-id=amzn1.sym.061993fb-1a08-486a-9bea-d772d463ba7a&pf_rd_p=061993fb-1a08-486a-9bea-d772d463ba7a&pf_rd_r=AHFQ43G4EY22G2NWE839&pd_rd_wg=H6vjq&pd_rd_r=4f01436c-45c6-41df-9847-e4b931dd0967&pd_rd_i=B00L5HQRGS&psc=1
アプリ＆ゲーム,2位,Minecraft,https://www.amazon.co.jp//Mojang-Minecraft/dp/B00992CF6W/ref=zg-bs_mobile-apps_sccl_2/000-0000000-0000000?pd_rd_w=EwQFd&content-id=amzn1.sym.061993fb-1a08-486a-9bea-d772d463ba7a&pf_rd_p=061993fb-1a08-486a-9bea-d772d463ba7a&pf_rd_r=AHFQ43G4EY22G2NWE839&pd_rd_wg=H6vjq&pd_rd_r=4f01436c-45c6-41df-9847-e4b931dd0967&pd_rd_i=B00992CF6W&psc=1
アプリ＆ゲーム,3位,Perfect Viewer,https://www.amazon.co.jp//RookieStudio-Perfect-Viewer/dp/B005XN0SGU/ref=zg-bs_mobile-apps_sccl_3/000-0000000-0000000?pd_rd_w=EwQFd&content-id=amzn1.sym.061993fb-1a08-486a-9bea-d772d463ba7a&pf_rd_p=061993fb-1a08-486a-9bea-d772d463ba7a&pf_rd_r=AHFQ43G4EY22G2NWE839&pd_rd_wg=H6vjq&pd_rd_r=4f01436c-45c6-41df-9847-e4b931dd0967&pd_rd_i=B005XN0SGU&psc=1
アプリ＆ゲーム,4位,AirPlayMirror Receiver,https://www.amazon.co.jp//NeoYantra-Technologies-AirPlayMirror-Receiver/dp/B06VWV5SKS/ref=zg-bs_mobile-apps_sccl_4/000-0000000-0000000?pd_rd_w=EwQFd&content-id=amzn1.sym.061993fb-1a08-486a-9bea-d772d463ba7a&pf_rd_p=061993fb-1a08-486a-9bea-d772d463ba7a&pf_rd_r=AHFQ43G4EY22G2NWE839&pd_rd_wg=H6vjq&pd_rd_r=4f01436c-45c6-41df-9847-e4b931dd0967&pd_rd_i=B06VWV5SKS&psc=1
アプリ＆ゲーム,5位,Toca Kitchen 2,https://www.amazon.co.jp//Toca-Boca-Kitchen-2/dp/B00ZU33BBC/ref=zg-bs_mobile-apps_sccl_5/000-0000000-0000000?pd_rd_w=EwQFd&content-id=amzn1.sym.061993fb-1a08-486a-9bea-d772d463ba7a&pf_rd_p=061993fb-1a08-486a-9bea-d772d463ba7a&pf_rd_r=AHFQ43G4EY22G2NWE839&pd_rd_wg=H6vjq&pd_rd_r=4f01436c-45c6-41df-9847-e4b931dd0967&pd_rd_i=B00ZU33BBC&psc=1
アプリ＆ゲーム,6位,世界の昆虫採集,https://www.amazon.co.jp//Boycraft-%E4%B8%96%E7%95%8C%E3%81%AE%E6%98%86%E8%99%AB%E6%8E%A1%E9%9B%86/dp/B00JCYEOK2/ref=zg-bs_mobile-apps_sccl_6/000-0000000-0000000?pd_rd_w=EwQFd&content-id=amzn1.sym.061993fb-1a08-486a-9bea-d772d463ba7a&pf_rd_p=061993fb-1a08-486a-9bea-d772d463ba7a&pf_rd_r=AHFQ43G4EY22G2NWE839&pd_rd_wg=H6vjq&pd_rd_r=4f01436c-45c6-41df-9847-e4b931dd0967&pd_rd_i=B00JCYEOK2&psc=1
食品・飲料・お酒,1位,[Amazon限定ブランド] キリン LAKURASHI アルカリイオンの水 PET (2L×9本),https://www.amazon.co.jp//%E3%80%90Amazon-co-jp-%E9%99%90%E5%AE%9A%E3%80%91-%E3%82%AD%E3%83%AA%E3%83%B3-%E3%82%A2%E3%83%AB%E3%82%AB%E3%83%AA%E3%82%A4%E3%82%AA%E3%83%B3%E3%81%AE%E6%B0%B4-2L%C3%979%E6%9C%AC/dp/B01BEPNPF6/ref=zg-bs_food-beverage_sccl_1/000-0000000-0000000?pd_rd_w=NjTF0&content-id=amzn1.sym.061993fb-1a08-486a-9bea-d772d463ba7a&pf_rd_p=061993fb-1a08-486a-9bea-d772d463ba7a&pf_rd_r=AHFQ43G4EY22G2NWE839&pd_rd_wg=H6vjq&pd_rd_r=4f01436c-45c6-41df-9847-e4b931dd0967&pd_rd_i=B0B637LKB3&psc=1
食品・飲料・お酒,2位,[Amazon限定ブランド]CCL い・ろ・は・すラベルレス 2LPET ×8本,https://www.amazon.co.jp//Amazon%E9%99%90%E5%AE%9A%E3%83%96%E3%83%A9%E3%83%B3%E3%83%89-CCL-%E3%81%84%E3%83%BB%E3%82%8D%E3%83%BB%E3%81%AF%E3%83%BB%E3%81%99%E3%83%A9%E3%83%99%E3%83%AB%E3%83%AC%E3%82%B9-2LPET-%C3%978%E6%9C%AC/dp/B08TV9VDR7/ref=zg-bs_food-beverage_sccl_2/000-0000000-0000000?pd_rd_w=NjTF0&content-id=amzn1.sym.061993fb-1a08-486a-9bea-d772d463ba7a&pf_rd_p=061993fb-1a08-486a-9bea-d772d463ba7a&pf_rd_r=AHFQ43G4EY22G2NWE839&pd_rd_wg=H6vjq&pd_rd_r=4f01436c-45c6-41df-9847-e4b931dd0967&pd_rd_i=B08TV9VDR7&psc=1
食品・飲料・お酒,3位,[Amazon限定ブランド] #like アサヒ おいしい水 天然水 ラベルレスボトル 2L×9本,https://www.amazon.co.jp//Amazon%E9%99%90%E5%AE%9A%E3%83%96%E3%83%A9%E3%83%B3%E3%83%89-like-%E3%81%8A%E3%81%84%E3%81%97%E3%81%84%E6%B0%B4-%E3%83%A9%E3%83%99%E3%83%AB%E3%83%AC%E3%82%B9%E3%83%9C%E3%83%88%E3%83%AB-2L%C3%979%E6%9C%AC/dp/B07RWWZT8J/ref=zg-bs_food-beverage_sccl_3/000-0000000-0000000?pd_rd_w=NjTF0&content-id=amzn1.sym.061993fb-1a08-486a-9bea-d772d463ba7a&pf_rd_p=061993fb-1a08-486a-9bea-d772d463ba7a&pf_rd_r=AHFQ43G4EY22G2NWE839&pd_rd_wg=H6vjq&pd_rd_r=4f01436c-45c6-41df-9847-e4b931dd0967&pd_rd_i=B07RWWZT8J&psc=1
食品・飲料・お酒,4位,[Amazonブランド] Happy Belly 天然水ラベルレス 岐阜・美濃 2L×9本,https://www.amazon.co.jp//Amazon%E3%83%96%E3%83%A9%E3%83%B3%E3%83%89-Happy-Belly-%E5%A4%A9%E7%84%B6%E6%B0%B4%E3%83%A9%E3%83%99%E3%83%AB%E3%83%AC%E3%82%B9-%E5%B2%90%E9%98%9C%E3%83%BB%E7%BE%8E%E6%BF%83/dp/B08GZR18S3/ref=zg-bs_food-beverage_sccl_4/000-0000000-0000000?pd_rd_w=NjTF0&content-id=amzn1.sym.061993fb-1a08-486a-9bea-d772d463ba7a&pf_rd_p=061993fb-1a08-486a-9bea-d772d463ba7a&pf_rd_r=AHFQ43G4EY22G2NWE839&pd_rd_wg=H6vjq&pd_rd_r=4f01436c-45c6-41df-9847-e4b931dd0967&pd_rd_i=B09QMBGGQ6&psc=1
食品・飲料・お酒,5位,天然水ラベルレス 560ml ×24本,https://www.amazon.co.jp//I-LOHAS-%E3%81%84%E3%83%BB%E3%82%8D%E3%83%BB%E3%81%AF%E3%83%BB%E3%81%99-%E5%A4%A9%E7%84%B6%E6%B0%B4%E3%83%A9%E3%83%99%E3%83%AB%E3%83%AC%E3%82%B9-560ml/dp/B0B74TDLBS/ref=zg-bs_food-beverage_sccl_5/000-0000000-0000000?pd_rd_w=NjTF0&content-id=amzn1.sym.061993fb-1a08-486a-9bea-d772d463ba7a&pf_rd_p=061993fb-1a08-486a-9bea-d772d463ba7a&pf_rd_r=AHFQ43G4EY22G2NWE839&pd_rd_wg=H6vjq&pd_rd_r=4f01436c-45c6-41df-9847-e4b931dd0967&pd_rd_i=B0B7549V5W&psc=1
食品・飲料・お酒,6位,[Amazon限定ブランド] Restock サントリー天然水 シュリンクパック(エコクリア包装) 2L ×9本,https://www.amazon.co.jp//%E3%80%90Amazon%E9%99%90%E5%AE%9A%E3%83%96%E3%83%A9%E3%83%B3%E3%83%89%E3%80%91-Restock-%E5%8D%97%E3%82%A2%E3%83%AB%E3%83%97%E3%82%B9%E5%A4%A9%E7%84%B6%E6%B0%B4-%E3%82%B7%E3%83%A5%E3%83%AA%E3%83%B3%E3%82%AF%E3%83%91%E3%83%83%E3%82%AF-%E3%82%A8%E3%82%B3%E3%82%AF%E3%83%AA%E3%82%A2%E5%8C%85%E8%A3%85/dp/B084H1KVBX/ref=zg-bs_food-beverage_sccl_6/000-0000000-0000000?pd_rd_w=NjTF0&content-id=amzn1.sym.061993fb-1a08-486a-9bea-d772d463ba7a&pf_rd_p=061993fb-1a08-486a-9bea-d772d463ba7a&pf_rd_r=AHFQ43G4EY22G2NWE839&pd_rd_wg=H6vjq&pd_rd_r=4f01436c-45c6-41df-9847-e4b931dd0967&pd_rd_i=B084H1KVBX&psc=1
